sku,status,category,series,name,bagType,primaryColor,material,dimensionsCm,sizeClass,moq,keywords
HJ-BW100001,labeled,women,P,Quilted Leather-Look Mini Backpack,backpack,black,PU leather (vegan leather),20*13*23,small,1000,backpack; bag; black; black backpack; casual; casual outings; chic; drawstring backpack; elegant; everyday; everyday backpack; fashion backpack; faux leather; faux leather backpack; gold; gold hardware backpack; mini backpack; pu leather; pu leather backpack; quilted; quilted backpack; quilted bag; school; small backpack; travel; vegan leather; vegan leather backpack; women backpack; women bag; womens bag
HJ-BW100002,labeled,women,P,Large Structured Faux-Leather Tote Bag,tote bag,grey,PU leather (vegan leather),32*13*30,medium,1000,bag; casual; commute; elegant; everyday; everyday tote; faux leather; faux leather tote; gold; grey; grey tote bag; handbag; large tote; medium tote bag; minimalist; off-white; pu leather; pu leather tote; shopper bag; shopping; shoulder bag; solid; structured; structured tote; top handle bag; tote bag; vegan leather; vegan leather tote; women bag; women tote bag; womens bag; work; work bag
HJ-BW100003,labeled,women,P,Mini Suede-Look Chain Crossbody Bag,crossbody bag,black,PU leather (vegan leather),17*8*12,small,1000,bag; black; black crossbody; burgundy; burgundy bag; casual; chain bag; chain strap bag; chain-strap; chic; crossbody bag; cute; date night; elegant; evening; evening bag; everyday; faux leather; faux leather bag; gold; mini bag; party; party bag; pu leather; pu leather crossbody; shoulder bag; sling bag; small crossbody bag; small flap bag; solid; vegan leather; women bag; women crossbody; womens bag
HJ-BW100004,labeled,women,P,Glossy Two-Tone Faux-Leather Satchel,satchel,black,PU leather (vegan leather),25*14*21,medium,1000,bag; black; black handbag; chic; colorblock; colorblock bag; cream; crossbody bag; elegant; evening; everyday; faux leather; faux leather handbag; gold; handbag; medium satchel; office; pu leather; pu leather satchel; satchel; shoulder bag; structured; structured handbag; top handle bag; two tone bag; vegan leather; vegan leather bag; women bag; women satchel; womens bag; work; work bag
HJ-BW100005,labeled,women,P,Star-Print & Glitter Zip Wristlet Clutch (Set of 3),clutch,black,PU leather (vegan leather),24*18,small,1000,bag; black; black clutch; casual; clutch; concert; cute; evening; evening bag; everyday; faux leather; flat pouch; glitter; glitter bag; gold; night out; party; party bag; pink; pu clutch; pu leather; purple; silver; silver clutch; small clutch; small purse; sparkle; sparkle clutch; star print bag; star-print; vegan leather; white; women; women bag; womens bag; wrist strap bag; wristlet; zip pouch
HJ-BW100006,labeled,women,P,Structured Mini Tote Bag with Printed Webbing Crossbody Strap,tote bag,black,PU leather (vegan leather),26*10*25,medium,1000,bag; black; black tote; casual; casual bag; chain-strap; commute; crossbody bag; everyday; everyday bag; faux leather; handbag; medium tote bag; mini tote; minimalist; pu leather; pu tote; school; shopping; shoulder bag; slogan; solid; sporty; sporty tote; structured; structured bag; top handle bag; tote bag; vegan leather; webbing strap bag; white; women; women bag; womens bag; work
HJ-BW100007,labeled,women,P,Red Saddle Handbag with Detachable Crossbody Strap,handbag,red,PU leather (vegan leather),23*8*15,small,1000,bag; classic; crossbody bag; date; day bag; dinner; elegant; elegant bag; everyday; faux leather; faux leather bag; feminine; handbag; pu handbag; pu leather; purse; red; red bag; saddle; saddle bag; shopping; shoulder bag; sling bag; small handbag; solid; structured handbag; top handle bag; top-handle; vegan leather; women; women bag; womens bag; work
HJ-BW100008,labeled,women,P,Mini Suede-Look Flap Crossbody Bag with Chain Strap,crossbody bag,pink,PU leather (vegan leather),21*8*15,small,1000,bag; blue; blue bag; chain strap bag; chain-strap; crossbody bag; cute; cute bag; date; elegant; evening; everyday; faux leather; flap bag; lock closure bag; mini bag; minimalist; party; pink; pink bag; pu crossbody; pu leather; shopping; shoulder bag; sling bag; small crossbody bag; small purse; solid; suede bag; suede-look; vegan leather; women; women bag; womens bag; yellow; yellow bag
HJ-BW100009,labeled,women,P,Chevron Quilted Leather Flap Shoulder Bag,shoulder bag,black,PU leather (vegan leather),25*7*16,medium,1000,bag; black; black handbag; chain strap bag; chain-strap; chevron; chevron bag; classic; crossbody flap bag; date; elegant; elegant bag; evening; everyday; faux leather; flap; flap bag; medium shoulder bag; party; party bag; pink; pink handbag; pu leather; pu leather bag; quilted; quilted bag; quilted purse; shoulder bag; solid; turn lock bag; vegan leather; women bag; womens bag; work
HJ-BW100010,labeled,women,P,Woven-Texture Bee Motif Mini Backpack,backpack,gray,100% polyester,22*13*25,medium,1000,backpack; bag; bee backpack; black; casual; casual backpack; casual outing; cute; cute backpack; daypack; everyday; gray; gray backpack; medium backpack; mini backpack; minimalist; polyester; polyester backpack; school; school bag; small backpack; solid; sporty; textured; textured backpack; travel; travel backpack; women bag; womens backpack; womens bag; yellow; zip backpack
HJ-BW100011,labeled,women,P,Mini Pebbled Leather Saddle Crossbody Bag,crossbody bag,white,PU leather (vegan leather),16*7*13,mini,1000,bag; chain strap bag; chain-strap; crossbody bag; cute; cute bag; date; elegant; evening; everyday; faux leather; gold; gold hardware bag; mini bag; mini crossbody bag; minimalist; party; party bag; pebbled; pebbled leather bag; pu leather; pu leather bag; saddle; saddle bag; shoulder bag; sling bag; small crossbody; solid; vegan leather; white; white handbag; women bag; womens bag
HJ-BW100012,labeled,women,P,Light Blue Drawstring Flap Backpack,backpack,light blue,100% polyester,18*10*30,medium,1000,backpack; bag; black; blue backpack; casual; casual backpack; casual outing; cute; cute backpack; daypack; drawstring; drawstring backpack; everyday; everyday backpack; flap backpack; light blue; light blue bag; medium backpack; polyester; polyester backpack; quilted; quilted backpack; school; school bag; solid; sporty; travel; travel backpack; women bag; womens backpack; womens bag
HJ-BW100013,labeled,women,P,Tropical Floral Print Mini Crossbody Bag,crossbody bag,white,PU leather (vegan leather),20*15*7,small,1000,bag; beach; beach bag; blue; casual; crossbody bag; cute; everyday; faux leather; floral; floral bag; green; mini bag; navy; pink; printed; printed purse; pu leather; shoulder bag; sling bag; small crossbody bag; summer bag; summer outings; summery; travel; tropical; tropical print; vacation; vacation bag; vegan leather; white; white handbag; women; women bag; womens bag; yellow
HJ-BW100014,labeled,women,P,Blush Pink Chain Flap Shoulder Bag,shoulder bag,pink,PU leather (vegan leather),20*5*14,small,1000,bag; blush pink; chain bag; chain strap; chain-strap; chic; chic handbag; crossbody; date night; elegant; elegant purse; evening; evening bag; everyday; faux leather; feminine; flap bag; gold; gold chain; minimalist; party; party bag; pink; pink bag; pu leather; shoulder bag; small shoulder bag; solid; vegan leather; women; women bag; womens bag; work
HJ-BW100015,labeled,women,P,Black Chain Envelope Clutch,clutch,black,PU leather (vegan leather),21*3.5*13.5,small,1000,bag; black; black bag; chain bag; chain strap; chain-strap; classic; clutch; cocktail; cocktail bag; crossbody clutch; date night; elegant; elegant purse; envelope clutch; evening; evening bag; faux leather; gold; gold chain; minimalist; party; party bag; pu leather; small clutch; solid; vegan leather; wedding; wedding bag; women; women bag; womens bag
HJ-BW100016,labeled,women,P,Large Black Structured Tote Bag,tote bag,black,PU leather (vegan leather),24*14*29,medium,1000,bag; black; black bag; carryall; casual; classic; commute; commuter bag; everyday; everyday bag; faux leather; handbag; large bag; medium tote bag; minimalist; pu leather; roomy; roomy bag; shopper bag; shopping; shoulder bag; solid; structured; structured tote; tote bag; travel; vegan leather; white; women; women bag; womens bag; work; work bag
HJ-BW100017,labeled,women,P,Croc-Embossed Chain Crossbody Flap Bag,crossbody bag,navy blue,PU leather (vegan leather),18**7*14.5,small,1000,animal-print; bag; chain bag; chain-strap; croc embossed; croc-embossed; crossbody bag; date night; elegant; elegant purse; evening; evening bag; everyday; faux leather; flap; flap bag; gold; gold chain strap; mini crossbody; navy blue; navy blue purse; party; pu leather; pu leather bag; quilted-look; shoulder bag; sling bag; small crossbody bag; turn lock clutch; vegan leather; women bag; women handbag; womens bag
HJ-BW100018,labeled,women,P,Powder Blue PU Leather Tote Bag,tote bag,light blue,PU leather (vegan leather),32*10*30,medium,1000,bag; beige; casual; casual bag; everyday; everyday bag; faux leather; handbag; large tote; light blue; light blue tote; medium tote bag; minimalist; minimalist tote; pastel purse; pu leather; pu leather tote; shopper bag; shopping; shoulder bag; soft; solid; top handle bag; tote bag; travel; vegan leather; women bag; women handbag; womens bag; work; work tote
HJ-BW100019,labeled,women,P,Large Striped Slogan Print PU Tote Bag,tote bag,black,PU leather (vegan leather),48*12*34,large,1000,bag; black; black and white tote; casual; casual bag; colorblock; everyday; faux leather; graphic-print; gym; gym bag; large tote; large tote bag; oversized; oversized tote; pu leather; pu leather tote; school; school bag; shopper bag; shopping; shoulder bag; slogan bag; sporty; striped; striped bag; tote bag; travel; travel tote; vegan leather; white; women bag; women handbag; womens bag
HJ-BW100020,labeled,women,P,Black Faux-Fur Belt Bag / Fanny Pack,belt bag,black,100% polyester,26*7*18,medium,1000,adjustable belt bag; bag; belt bag; black; black waist bag; bum bag; casual; cozy; crossbody bag; everyday; fanny pack; faux fur bag; faux-fur; festival; fluffy purse; fur fanny pack; gold; medium belt bag; night out; party; party bag; plush; plush bag; polyester; solid; travel; trendy; trendy belt bag; waist bag; women bag; womens bag
HJ-BW100021,labeled,women,P,Rhinestone Mini Belt Bag,belt bag,silver,100% polyester,18*4*12,small,1000,bag; belt bag; black; bum bag; casual; concert; crossbody belt bag; crystal belt bag; everyday; fanny pack; festival; festival bag; glam; glitter; glitter bag; mini bag; night out; party; party bag; polyester; rhinestone; rhinestone bag; silver; silver bag; sling bag; small belt bag; sparkle; sparkle bag; sporty; travel; trendy; waist bag; women; women bag; womens bag
HJ-BW100022,labeled,women,P,Beige Studded Mini Chain Shoulder Bag,shoulder bag,beige,PU leather (vegan leather),18*5*14,small,1000,bag; beige; beige bag; chain bag; chain strap purse; chain-strap; crossbody bag; cute; date night; elegant; evening; evening bag; everyday; faux leather; flap bag; gold; gold hardware bag; mini shoulder bag; minimalist; nude handbag; party; party bag; pu leather; pu leather bag; shoulder bag; small shoulder bag; solid; structured; studded; studded bag; turn lock bag; vegan leather; women; women bag; womens bag; work
HJ-BW100023,labeled,women,P,Tropical Floral Print Crossbody Bag,crossbody bag,white,PU leather (vegan leather),19.5*3*13,small,1000,bag; beach; beach bag; blue; boho; casual; casual outing; casual purse; colorful; crossbody bag; everyday; faux leather; flap bag; floral; floral bag; green; navy; pink; printed handbag; pu leather; pu leather bag; shoulder bag; sling bag; small crossbody bag; summer; summer bag; summery; tassel; tassel bag; travel; tropical; tropical bag; vacation; vacation bag; vegan leather; white; white bag; women; women bag; womens bag
HJ-BW100024,labeled,women,P,Brown Suede-Look Flap Backpack,backpack,brown,PU leather (vegan leather),25*12*27,medium,1000,backpack; bag; brown; brown backpack; casual; casual backpack; college; commute; daypack; drawstring backpack; everyday; everyday backpack; faux leather; flap backpack; medium backpack; minimalist; minimalist backpack; modern; pu leather; pu leather backpack; rucksack; school; school bag; soft; solid; suede look backpack; tan; tan backpack; travel; travel backpack; unstructured; vegan leather; women; women bag; womens bag; work
HJ-BW100025,labeled,women,P,Structured PU Leather Top-Handle Crossbody Bag with Metal Accent,handbag,beige,PU leather (vegan leather),20*10*14.5,small,1000,bag; beige; beige purse; black; chic; colorblock; colorblock bag; crossbody bag; elegant; elegant purse; evening; everyday; faux leather; flap bag; gold; gold hardware bag; handbag; modern; party; pu leather; pu leather bag; shoulder bag; small handbag; structured; structured handbag; top handle bag; two-tone; two-tone bag; vegan leather; women bag; womens bag; work; work bag
HJ-BW100026,labeled,women,P,White PU Leather Mini Backpack with Double Zip,backpack,white,PU leather (vegan leather),23.5*13*25,medium,1000,backpack; bag; casual; casual backpack; casual outings; compact; compact backpack; cute; cute backpack; daypack; everyday; faux leather; gold; gold hardware backpack; medium backpack; mini backpack; minimalist; modern; pu leather; pu leather backpack; school; school bag; small backpack; solid; travel; travel backpack; vegan leather; white; white backpack; women bag; womens backpack; womens bag; zip backpack
HJ-BW100027,labeled,women,P,Black PU Leather Envelope Clutch with Turn-Lock,clutch,black,PU leather (vegan leather),30*20,medium,1000,bag; black; black clutch; chic; clutch; clutch bag; elegant; envelope clutch; evening; evening bag; everyday; faux leather; flap clutch; gold; gold lock clutch; handbag; medium clutch; minimalist; minimalist clutch; party; party clutch; pu leather; pu leather clutch; purse; solid; textured; textured clutch; vegan leather; women bag; womens bag; womens clutch; work
HJ-BW100028,labeled,women,P,Black PU Leather Flap Crossbody Bag with Turn-Lock,crossbody bag,black,PU leather (vegan leather),20*6*15,small,1000,bag; black; black crossbody; box bag; chic; classic; classic crossbody; crossbody bag; elegant; evening; everyday; everyday bag; faux leather; flap bag; gold; gold lock bag; handbag; minimalist; party; pu leather; pu leather bag; purse; shoulder bag; sling bag; small crossbody bag; solid; structured; vegan leather; women bag; womens bag; womens crossbody; work
HJ-BW100029,labeled,women,P,Plaid Check Flap Shoulder Bag with Chain Strap,shoulder bag,black,PU leather (vegan leather),24*5*16,small,1000,bag; beige; black; black shoulder bag; brown; chain strap bag; chain-strap; check; check pattern bag; classic; classic handbag; crossbody bag; elegant; elegant handbag; evening; everyday; everyday bag; faux leather; flap bag; gold hardware bag; party; plaid; plaid handbag; pu leather; pu leather bag; shoulder bag; small shoulder bag; tan; tartan bag; vegan leather; white; women bag; womens bag; womens purse; work
HJ-BW100030,labeled,women,P,Mini Glitter Star Flap Handbag in Pink,mini bag,pink,PU leather (vegan leather),19.5*5*13.5,small,1000,bag; cute; cute mini bag; everyday; faux leather; flap bag; girls handbag; glitter; glitter handbag; gold; kids handbag; little girl purse; mini; mini bag; party; party bag; pink; pink purse; pu leather; pu leather bag; school; shoulder bag; silver; small mini bag; sparkly; sparkly bag; special occasion; star; star bag; top handle bag; vegan leather; women bag; womens bag
HJ-BW100031,labeled,women,P,Light Blue Cotton Belt Bag with Adjustable Strap,belt bag,light blue,100% cotton,26*8*16,medium,1000,adjustable strap bag; bag; belt bag; bum bag; casual; casual bag; casual outings; cotton; cotton bag; crossbody bag; everyday; everyday bag; fanny pack; light blue; light blue bag; medium belt bag; minimalist; sling bag; solid; sport; sporty; sporty bag; travel; travel bag; waist bag; women bag; womens bag; womens belt bag
HJ-BW100032,labeled,women,P,Black Nylon Mini Crossbody Bag,crossbody bag,black,100% polyester,19*7*12.5,small,1000,bag; black; black bag; casual; casual bag; casual outings; crossbody bag; everyday; everyday bag; lightweight bag; mini crossbody; minimalist; minimalist bag; nylon bag; polyester; polyester bag; shoulder bag; sleek; sling bag; small crossbody bag; solid; sporty; travel; travel bag; women bag; womens bag; womens crossbody; work; zip bag
HJ-BW100033,labeled,women,P,Grey Nylon Belt Bag,belt bag,grey,100% polyester,27*6*14,medium,1000,adjustable strap; bag; belt bag; black; bum bag; casual; casual outings; crossbody bag; everyday; fanny pack; festivals; grey; medium belt bag; minimalist; nylon; polyester; sling bag; solid; sports; sporty; travel; unisex; waist bag; women bag; womens bag; zip
HJ-BW100034,labeled,women,P,Black PU Leather Flap Shoulder Baguette Bag,shoulder bag,black,PU leather (vegan leather),25*6*11,medium,1000,bag; baguette; baguette bag; black; chic; date night; elegant; evening; everyday; faux leather; flap bag; handbag; knotted-strap; medium shoulder bag; minimalist; party; pu leather; shoulder bag; solid; underarm bag; vegan leather; women bag; womens bag; work
HJ-BW100035,labeled,women,P,Grey Structured Mini Tote Bag,tote bag,grey,100% polyester,23*13*22,small,1000,bag; black; casual; commute; contrast trim; contrast-trim; everyday; grey; handbag; mini tote; minimalist; polyester; school; shopping; shoulder bag; small tote bag; solid; structured; top handle bag; tote bag; women bag; womens bag; work
HJ-BW100036,labeled,women,P,Black PU Leather Vertical Phone Crossbody Bag,phone bag,black,PU leather (vegan leather),11*2*18,small,1000,adjustable strap; bag; black; casual; casual outings; chic; compact; concerts; crossbody bag; everyday; faux leather; festivals; mini bag; minimalist; phone bag; pu leather; shoulder bag; sling bag; small phone bag; solid; travel; vegan leather; vertical; women bag; womens bag; zip
HJ-BW100037,labeled,women,P,Heart-Shaped Croc-Embossed Mini Backpack,backpack,black,PU leather (vegan leather),21*7*18,small,1000,animal-print; backpack; bag; black; black backpack; chain backpack; chain-strap; croc embossed bag; croc-embossed; crocodile print bag; cute; cute backpack women; date; elegant; evening; everyday; fashion backpack; faux leather; glossy; glossy black bag; gold; heart backpack; heart shaped bag; heart-shaped; mini backpack; novelty bag; party; party bag; pu leather; pu leather backpack; small backpack; vegan leather; women bag; womens bag
HJ-BW100038,labeled,women,P,White Pom-Pom Mini Backpack,backpack,white,PU leather (vegan leather),20*10*26,medium,1000,backpack; bag; black; casual; casual backpack; casual outing; compact backpack; cute; cute backpack; day pack; everyday; fashion backpack; faux leather; fluffy backpack; girls backpack; medium backpack; mini backpack; minimalist; pom pom backpack; pom-pom; pu leather; pu leather backpack; school; school backpack; small backpack women; solid; sweet; travel; vegan leather; white; white backpack; white bag; women bag; womens bag
HJ-BW100039,labeled,women,P,Large Faux-Fur Boston Handbag,handbag,brown,100% polyester,30*11*20,medium,1000,bag; barrel bag; boston; boston bag; brown; brown handbag; cozy; cozy bag women; dark brown; elegant; everyday; fashion handbag; faux fur bag; faux-fur; fluffy handbag; fur handbag; handbag; large handbag; medium handbag; plush; plush bag; polyester; shoulder handbag; soft bag; solid; top handle bag; travel; winter; winter bag; women bag; womens bag; work
HJ-BW100040,labeled,women,P,White Mini Chain Crossbody Bag,crossbody bag,white,PU leather (vegan leather),18*6*13,small,1000,bag; chain bag; chain strap bag; chain-strap; clutch bag; crossbody bag; date; elegant; evening; evening bag women; everyday; fashion crossbody; faux leather; mini bag; minimalist; minimalist bag; party; party bag; pu leather; pu leather bag; shoulder bag; silver; sleek; sling bag; small crossbody; small crossbody bag; solid; structured; vegan leather; white; white bag; women bag; womens bag
HJ-BW100041,labeled,women,P,Silver Vertical Mini Crossbody Phone Bag with Chain Strap,crossbody bag,silver,100% polyester,15*7*20,small,1000,bag; casual outing; chain strap bag; chain-strap; compact; crossbody bag; everyday; gray; metallic; metallic bag; metallic silver; mini bag; modern; night out; party; party bag; phone bag; polyester; polyester bag; shoulder bag; silver; silver bag; sling bag; small crossbody; small crossbody bag; solid; travel; trendy; trendy bag; vertical bag; women bag; women crossbody; womens bag
HJ-BW100042,labeled,women,P,Light Gray Box Camera Crossbody Bag with Web Strap and Coin Purse,crossbody bag,gray,PU leather (vegan leather),20*5*12,small,1000,adjustable strap bag; bag; black; box bag; boxy; camera bag; casual; casual bag; casual outing; coin purse; commute; crossbody bag; everyday; faux leather; gray; gray bag; light gray; minimalist; minimalist bag; modern; pu leather; pu leather bag; shopping; shoulder bag; sling bag; small crossbody; small crossbody bag; solid; sporty; travel; travel bag; vegan leather; women bag; women crossbody; womens bag
HJ-BW100043,labeled,women,P,Sage Green Pebbled Leather Slouchy Hobo Shoulder Bag,hobo bag,green,PU leather (vegan leather),22*11*20,small,1000,bag; brunch; casual; casual bag; casual outing; everyday; everyday bag; faux leather; green; green bag; hobo bag; light green; minimalist; minimalist bag; pebbled leather bag; pu leather; pu leather bag; sage bag; sage green; shopping; shoulder bag; slouchy; slouchy bag; small hobo bag; soft; soft bag; solid; top handle bag; underarm bag; vegan leather; women bag; women shoulder bag; womens bag; work
HJ-BW100044,labeled,women,P,Large Pink Quilted Patent Shoulder Bag with Chain and Buckle,shoulder bag,pink,PU leather (vegan leather),37*12*27,large,1000,bag; baguette bag; blush pink; chain strap bag; chain-strap; chic; date night; elegant; elegant bag; evening; evening bag; everyday; faux leather; feminine; flap bag; glossy; gold; gold hardware bag; handbag; large shoulder bag; party; party bag; patent leather bag; pink; pink bag; pu leather; pu leather bag; quilted; quilted bag; shoulder bag; special occasion; vegan leather; women bag; women shoulder bag; womens bag
HJ-BW100045,labeled,women,P,Quilted Patent Baguette Shoulder Bag,shoulder bag,pink,PU leather (vegan leather),21*5*11,small,1000,bag; baguette; baguette bag; chain bag; chain strap bag; chain-strap; chic; date; elegant; elegant bag; evening; everyday; faux leather; flap bag; glossy; glossy bag; gold; handbag; party; party bag; patent bag; pink; pink bag; pu leather; quilted; quilted bag; shoulder bag; small shoulder bag; underarm bag; vegan leather; women bag; womens bag; work
HJ-BW100046,labeled,women,P,Large Pink Patent Slouchy Tote Bag,tote bag,pink,PU leather (vegan leather),29.5*11.5*24,medium,1000,bag; blush pink; blush pink bag; date; elegant; elegant purse; everyday; everyday bag; faux leather; feminine; glossy; glossy tote; large tote; medium tote bag; patent; patent leather bag; pink; pink handbag; pu leather; pu leather bag; shopping; shoulder bag; slouchy; slouchy bag; soft; solid; top handle bag; tote bag; vegan leather; women bag; women handbag; womens bag; work; work bag
HJ-BW100047,labeled,women,P,Taupe Structured Vanity Top-Handle Bag,handbag,brown,PU leather (vegan leather),20*7*13,small,1000,bag; boxy; boxy bag; brown; brown purse; classic; commute; everyday; everyday bag; faux leather; handbag; khaki; khaki bag; mini handbag; minimalist; pu leather; pu leather bag; small handbag; solid; structured; structured handbag; taupe; taupe bag; top handle bag; travel; vanity bag; vegan leather; vintage; vintage bag; women bag; women handbag; womens bag; work; zip bag
HJ-BW100048,labeled,women,P,Black Quilted Chain-Strap Mini Backpack,backpack,black,PU leather (vegan leather),18*10*21,small,1000,backpack; bag; black; black backpack; chain strap bag; chain-strap; chic; chic backpack; classic; cute; drawstring backpack; elegant; evening; everyday; fashion backpack; faux leather; flap backpack; mini backpack; party; party bag; pu leather; pu leather bag; quilted; quilted backpack; quilted bag; school; school bag; small backpack; travel; vegan leather; women backpack; women bag; womens bag
HJ-BW100049,labeled,women,P,Ivory Padded Shoulder Baguette Bag,shoulder bag,white,PU leather (vegan leather),24*12*10,small,1000,bag; baguette bag; chain bag; chic; cream; cream handbag; date; elegant; elegant purse; evening; everyday; faux leather; flap bag; ivory; ivory bag; minimalist; padded; padded bag; party; party bag; pu leather; pu leather bag; puffy; puffy bag; shoulder bag; small shoulder bag; soft; solid; underarm bag; vegan leather; white; white purse; women bag; women shoulder bag; womens bag; work
HJ-BW100050,labeled,women,P,Croc-Embossed Studded Shoulder Bag,shoulder bag,black,PU leather (vegan leather),28*9*15,medium,1000,animal-print; bag; black; black patent bag; concert; crescent bag; croc embossed bag; edgy; edgy purse; evening; everyday; faux leather; glossy; heart charm bag; hobo bag; medium shoulder bag; moto; moto bag; night out; party; pu leather; pu leather bag; shoulder bag; studded; studded bag; trendy; trendy shoulder purse; underarm bag; vegan leather; women bag; women handbag; womens bag; y2k; y2k bag
HJ-BW100051,labeled,women,P,Metallic Silver Buckle Shoulder Bag,shoulder bag,silver,PU leather (vegan leather),28*9*14,medium,1000,bag; buckle bag; chic; clubbing; crescent bag; evening; everyday; faux leather; glam; glam bag; hobo bag; medium shoulder bag; metallic; metallic bag; night out; party; party purse; pu leather; pu leather bag; shiny bag; shoulder bag; silver; silver bag; solid; statement; trendy; trendy shoulder purse; underarm bag; vegan leather; women bag; women handbag; womens bag; y2k; y2k bag
HJ-BW100052,labeled,women,P,Mini Two-Tone Boston Barrel Bag,mini bag,white,PU leather (vegan leather),19*11*13,small,1000,bag; barrel bag; boston; boston bag; brunch; colorblock; cute; cute bag; date; elegant; everyday; faux leather; gold; gold hardware bag; handbag; mini bag; minimalist; pillow bag; preppy; pu leather; pu leather bag; shopping; small mini bag; small purse; structured; structured bag; tan; top handle bag; two tone bag; vegan leather; white; white bag; women bag; women handbag; womens bag; work
HJ-BW100053,labeled,women,P,Large Denim Canvas Tote Bag,tote bag,blue,100% cotton,40*20*20,large,1000,bag; beach; beach bag; big bag; blue; blue bag; canvas tote; casual; casual bag; cotton; cotton bag; denim; denim bag; everyday; everyday tote; large tote bag; minimalist; relaxed; roomy; school; shopper bag; shopping; shoulder tote; solid; tote bag; travel; travel tote; white; women bag; women handbag; womens bag; work
HJ-BW100054,labeled,women,P,Studded Buckle Shoulder Bag in Grey PU Leather,shoulder bag,grey,PU leather (vegan leather),26*7*14,medium,1000,bag; biker; biker bag; buckle bag; buckle-strap; casual; casual bag; casual outing; concert; date night; edgy; edgy handbag; everyday; faux leather; grey; grey handbag; grey pu bag; hobo shoulder bag; medium shoulder bag; moto; moto bag; party; pu leather; pu leather bag; shoulder bag; silver; solid; studded; studded bag; studded shoulder bag; underarm bag; vegan leather; vintage; vintage shoulder bag; women bag; womens bag; womens shoulder bag
HJ-BW100055,labeled,women,P,Studded Buckle Hobo Shoulder Bag in Glossy Black PU,hobo bag,black,PU leather (vegan leather),28*11*21,medium,1000,bag; biker; biker bag; black; black handbag; buckle bag; buckle-strap; concert; date night; edgy; edgy handbag; everyday; faux leather; glossy; glossy black bag; hobo bag; medium hobo bag; moto; moto bag; night out; party; patent bag; pu leather; pu leather bag; shoulder bag; silver; slouchy; slouchy shoulder bag; solid; studded; studded bag; underarm bag; vegan leather; women bag; womens bag; womens hobo bag; y2k; y2k bag
HJ-BW100056,needs_photo,women,P,Women's Bag HJ-BW100056,,,PU leather (vegan leather),,,1000,bag; faux leather; ladies bag; pu leather; vegan leather; women bag; womens bag
HJ-BW100057,needs_photo,women,P,Women's Bag HJ-BW100057,,,PU leather (vegan leather),,,1000,bag; faux leather; ladies bag; pu leather; vegan leather; women bag; womens bag
HJ-BW100058,needs_photo,women,P,Women's Bag HJ-BW100058,,,PU leather (vegan leather),,,1000,bag; faux leather; ladies bag; pu leather; vegan leather; women bag; womens bag
HJ-BW100059,needs_photo,women,P,Women's Bag HJ-BW100059,,,PU leather (vegan leather),,,1000,bag; faux leather; ladies bag; pu leather; vegan leather; women bag; womens bag
HJ-BW100060,needs_photo,women,P,Women's Bag HJ-BW100060,,,PU leather (vegan leather),,,1000,bag; faux leather; ladies bag; pu leather; vegan leather; women bag; womens bag
HJ-BW100061,needs_photo,women,P,Women's Bag HJ-BW100061,,,PU leather (vegan leather),,,1000,bag; faux leather; ladies bag; pu leather; vegan leather; women bag; womens bag
HJ-BW100062,needs_photo,women,P,Women's Bag HJ-BW100062,,,PU leather (vegan leather),,,1000,bag; faux leather; ladies bag; pu leather; vegan leather; women bag; womens bag
HJ-BW110001,needs_photo,women,Z,Women's Bag HJ-BW110001,,,,,,,bag; ladies bag; women bag; womens bag
HJ-BW110002,needs_photo,women,Z,Women's Bag HJ-BW110002,,,,,,,bag; ladies bag; women bag; womens bag
HJ-BW110003,needs_photo,women,Z,Women's Bag HJ-BW110003,,,,,,,bag; ladies bag; women bag; womens bag
HJ-BW110004,needs_photo,women,Z,Women's Bag HJ-BW110004,,,,,,,bag; ladies bag; women bag; womens bag
HJ-BW110005,needs_photo,women,Z,Women's Bag HJ-BW110005,,,,,,,bag; ladies bag; women bag; womens bag
HJ-BW110006,needs_photo,women,Z,Women's Bag HJ-BW110006,,,,,,,bag; ladies bag; women bag; womens bag
HJ-BW110007,needs_photo,women,Z,Women's Bag HJ-BW110007,,,,,,,bag; ladies bag; women bag; womens bag
HJ-BW110008,needs_photo,women,Z,Women's Bag HJ-BW110008,,,,,,,bag; ladies bag; women bag; womens bag
HJ-BW110009,needs_photo,women,Z,Women's Bag HJ-BW110009,,,,,,,bag; ladies bag; women bag; womens bag
HJ-BW110010,needs_photo,women,Z,Women's Bag HJ-BW110010,,,,,,,bag; ladies bag; women bag; womens bag
HJ-BW110011,needs_photo,women,Z,Women's Bag HJ-BW110011,,,,,,,bag; ladies bag; women bag; womens bag
HJ-BW110012,needs_photo,women,Z,Women's Bag HJ-BW110012,,,,,,,bag; ladies bag; women bag; womens bag
HJ-BW110013,needs_photo,women,Z,Women's Bag HJ-BW110013,,,,,,,bag; ladies bag; women bag; womens bag
HJ-BW110014,needs_photo,women,Z,Women's Bag HJ-BW110014,,,,,,,bag; ladies bag; women bag; womens bag
HJ-BW110015,needs_photo,women,Z,Women's Bag HJ-BW110015,,,,,,,bag; ladies bag; women bag; womens bag
HJ-BW110016,needs_photo,women,Z,Women's Bag HJ-BW110016,,,,,,,bag; ladies bag; women bag; womens bag
HJ-BW110017,needs_photo,women,Z,Women's Bag HJ-BW110017,,,,,,,bag; ladies bag; women bag; womens bag
HJ-BW110018,needs_photo,women,Z,Women's Bag HJ-BW110018,,,,,,,bag; ladies bag; women bag; womens bag
HJ-BW110019,needs_photo,women,Z,Women's Bag HJ-BW110019,,,,,,,bag; ladies bag; women bag; womens bag
HJ-BW110020,needs_photo,women,Z,Women's Bag HJ-BW110020,,,,,,,bag; ladies bag; women bag; womens bag
HJ-BW110021,needs_photo,women,Z,Women's Bag HJ-BW110021,,,,,,,bag; ladies bag; women bag; womens bag
HJ-BW110022,needs_photo,women,Z,Women's Bag HJ-BW110022,,,,,,,bag; ladies bag; women bag; womens bag
HJ-BK200001,labeled,kids,P,Mini Fox Face Crossbody Bag in Pink PU,crossbody bag,pink,PU leather (vegan leather),15*5*12.5,mini,1000,animal bag; animal-shaped; bag; birthday gift; cartoon; cartoon bag; childrens bag; crossbody bag; cute; cute bag; everyday; faux leather; fox; fox bag; girls bag; gold; kawaii; kawaii bag; kids bag; little girl purse; mini crossbody; mini crossbody bag; novelty; novelty bag; party; pink; pink bag; playdate; playful; pu leather; pu leather bag; school; shoulder bag; sling bag; vegan leather; white
HJ-BK200002,labeled,kids,P,Mini Rainbow Crochet Pom-Pom Crossbody Bag in Pink,crossbody bag,pink,PU leather (vegan leather),18*6*15CM,small,1000,bag; beaded strap bag; birthday gift; blue; boho; boho bag; childrens bag; colorblock; colorful; colorful bag; crochet; crochet bag; crossbody bag; cute; cute bag; everyday; faux leather; girls bag; green; kids bag; mini crossbody; multicolor; orange; party; pink; pink bag; playful; pom pom bag; pom-pom; pu leather; purple; rainbow bag; red; school; shoulder bag; sling bag; small crossbody bag; tassel; tassel bag; vacation; vegan leather; yellow
HJ-BK200003,labeled,kids,P,Kids' Quilted Velvet Cat Ear Backpack with Pom-Pom,backpack,black,100% polyester,24*10*32,medium,1000,backpack; bag; black; black backpack; casual; cat ear backpack; cat-ear; children backpack; childrens bag; cute; cute backpack; everyday; girls backpack; kawaii backpack; kids backpack; kids bag; medium backpack; mini backpack; pink; playdate; polyester; polyester backpack; pom pom bag; pom-pom; quilted; quilted backpack; school; school bag; solid; toddler backpack; travel; velvet; velvet backpack
HJ-BK200004,labeled,kids,P,Mini Glitter Chain Crossbody Bag with Tassel,crossbody bag,pink,PU leather (vegan leather),16*3*11,mini,1000,bag; birthday; black; chain bag; chain-strap; childrens bag; crossbody bag; cute; elegant; evening; everyday; faux leather; flap bag; girls purse; glitter; glitter bag; gold; kids bag; kids crossbody; mini bag; mini crossbody bag; party; party bag; pink; pink purse; pu leather; pu leather bag; purple; shoulder bag; silver; sling bag; sparkle handbag; special occasion; tassel; tassel bag; vegan leather
HJ-BK200005,labeled,kids,P,Kids' Corduroy 'Girl Gang' Patch Belt Bag,belt bag,pink,100% polyester,29*11,medium,1000,bag; belt bag; blue; bum bag; casual; chenille; children bag; childrens bag; corduroy; corduroy bag; cute; cute waist bag; everyday; fanny pack; girl gang; girls fanny pack; gold; hip bag; kids bag; kids belt bag; medium belt bag; outdoor; patch bag; patches; pink; pink bag; playdate; polyester; polyester bag; school; solid; sporty; travel; waist bag
HJ-BK200006,labeled,kids,P,Mini Glitter Cat Face Phone Crossbody Bag,mini bag,pink,PU leather (vegan leather),9.4*2.8*9.3,mini,1000,bag; casual; cat bag; cat-face; cell phone purse; childrens bag; crossbody bag; cute; cute crossbody; everyday; faux leather; girls phone bag; glitter; glitter bag; kawaii; kawaii bag; kids bag; kids crossbody; mini bag; mini mini bag; novelty; party; phone bag; phone pouch; pink; pink purse; playdate; pu leather; pu leather bag; rose red; school; sling bag; travel; vegan leather; white
HJ-BK200007,labeled,kids,P,Sequin Mini Crossbody Bag,crossbody bag,silver,100% polyester,16*13,mini,1000,bag; birthday; black; chain strap; chain-strap; childrens bag; crossbody bag; cute; evening; everyday; girls bag; glitter; kids bag; kids purse; mermaid sequin; mini bag; mini crossbody bag; navy; party; polyester; sequin; sequin bag; shoulder bag; silver; sling bag; small purse; sparkly
HJ-BK200008,labeled,kids,P,Furry Monster Face Coin Purse,coin purse,gray,100% polyester,15*15,mini,1000,bag; black; cartoon; childrens bag; coin purse; cute; cute purse; everyday; fluffy; furry pouch; gift; gray; keychain purse; kids bag; kids coin purse; mini coin purse; monster; monster bag; novelty; novelty bag; party; pink; plush; plush purse; polyester; pom pom purse; school; white
HJ-BK200009,labeled,kids,P,Star Print Girls Backpack,backpack,navy,100% polyester,27*12*39,large,1000,back-to-school; backpack; bag; book bag; casual; childrens bag; cute; cute backpack; daypack; everyday; girl gang; girls backpack; graphic; kids backpack; kids bag; large backpack; navy; pink; polyester; rucksack; school; school bag; sporty; star; star print; star-print; travel; white
HJ-BK200010,labeled,kids,P,Basketball Pocket Kids Backpack,backpack,navy,polyester with PU trim,22*7*33,medium,1000,backpack; bag; basketball; basketball bag; black; book bag; boys backpack; casual; childrens bag; colorblock; daypack; everyday; faux leather; kids backpack; kids bag; medium backpack; navy; novelty; orange; polyester; pu leather; rucksack; school; school bag; sports; sports backpack; sporty; travel; vegan leather
HJ-BK200011,labeled,kids,P,Quilted Mini Crossbody Bag with Pom-Pom,crossbody bag,pink,PU leather (vegan leather),20*6*18,small,1000,bag; blush; chain-strap; childrens bag; cream; crossbody bag; cute; cute bag; elegant; everyday; everyday bag; faux leather; flap bag; girls bag; green; hot pink; kids bag; kids purse; light pink; mini bag; outing; party; party bag; pink; pink bag; pom pom bag; pom-pom; pu leather; quilted; quilted bag; school; shoulder bag; sling bag; small crossbody bag; vegan leather
HJ-BK200012,labeled,kids,P,Glitter Cat Face Mini Shoulder Bag,shoulder bag,pink,PU leather (vegan leather),19*4.5*12.5,small,1000,animal bag; animal-print; bag; baguette bag; cartoon; cat bag; childrens bag; cute; cute bag; everyday; everyday bag; faux leather; girls bag; glitter; glitter bag; iridescent pink; kids bag; kids purse; mini bag; novelty; novelty bag; party; party bag; pink; pink bag; playdate; pu leather; rose gold; school; shimmer; shoulder bag; small shoulder bag; vegan leather
HJ-BK200013,labeled,kids,P,Round Bear Face Mini Crossbody Bag with Pom-Pom Ears,crossbody bag,silver,PU leather (vegan leather),15*6*15,mini,1000,animal bag; animal-print; bag; bear bag; cartoon; childrens bag; crossbody bag; cute; cute bag; everyday; faux leather; girls bag; gray; kids bag; kids purse; metallic; mini bag; mini crossbody bag; novelty; novelty bag; party; pink; playdate; pom pom bag; pom-pom; pu leather; round bag; school; shoulder bag; silver; silver bag; sling bag; vegan leather
HJ-BK200014,labeled,kids,P,Glitter Star Mini Crossbody Saddle Bag,crossbody bag,green,PU leather (vegan leather),15*5*13,mini,1000,bag; childrens bag; crossbody bag; cute; cute bag; everyday; faux leather; girls bag; glitter; glitter bag; green; green bag; kids bag; kids purse; mini bag; mini crossbody bag; multicolor; novelty; outing; party; party bag; pu leather; rose gold; saddle bag; school; shoulder bag; silver; sling bag; sparkly; sparkly bag; star; star bag; vegan leather
HJ-BK200015,labeled,kids,P,Girls' Fluffy Cat Mini Crossbody Bag,crossbody bag,pink,100% polyester,13*13,mini,1000,animal bag; animal-print; bag; casual; cat bag; children handbag; childrens bag; crossbody bag; cute; cute mini bag; everyday; faux fur bag; fluffy; fluffy crossbody bag; girls sling bag; kawaii; kawaii purse; kids bag; kids purse; kitty bag; mini crossbody bag; novelty; novelty bag; party; pink; pink cat purse; playdate; plush; plush bag; polyester; school; shoulder bag; silver
HJ-BK200016,labeled,kids,P,Girls' Metallic Glitter Mini Flap Shoulder Bag,shoulder bag,silver,PU leather (vegan leather),15*6*12,mini,1000,bag; childrens bag; crossbody bag; cute; cute mini bag; elegant; everyday; faux leather; flap purse; girls purse; glitter; glitter bag; glittery; kids bag; kids handbag; metallic; metallic bag; mini flap bag; mini shoulder bag; party; party bag; pu leather; rose gold; rose gold bag; school; shimmer; shimmer bag; shoulder bag; silver; silver bag; sparkle purse; special occasion; vegan leather
HJ-BK200017,labeled,kids,P,Girls' Navy Glitter Bow Mini Crossbody Bag,crossbody bag,navy,PU leather (vegan leather),16*11,mini,1000,bag; blue; blue glitter purse; bow bag; chain-strap; childrens bag; crossbody bag; cute; cute crossbody; elegant; evening; everyday; faux leather; flap bag; girls purse; glitter; glitter bag; glittery; kids bag; kids handbag; mini bag; mini crossbody bag; navy; navy purse; party; party bag; pu leather; shoulder bag; silver; sling bag; sparkle; sparkle bag; special occasion; vegan leather
HJ-BK200018,labeled,kids,P,Girls' Rose Gold Bunny Mini Coin Purse with Pom-Pom,coin purse,rose gold,PU leather (vegan leather),16*4*11,mini,1000,animal purse; animal-print; bag; bunny purse; casual; children coin purse; childrens bag; coin purse; cute; cute pouch; everyday; faux leather; girls purse; glitter; kawaii; kawaii purse; kids bag; kids wallet; metallic; mini coin purse; mini purse; novelty; novelty purse; party; pink; playdate; pom pom bag; pu leather; rabbit bag; rose gold; rose gold purse; school; vegan leather; zip pouch
HJ-BK200019,labeled,kids,P,Mini Flap Crossbody Bag (PU Leather),crossbody bag,pink,PU leather (vegan leather),20*2*15,small,1000,bag; childrens bag; clasp bag; crossbody bag; cute; cute purse; elegant; everyday; everyday bag; faux leather; flap; flap bag; girls bag; kids bag; kids crossbody; mini bag; minimalist; mint green; mint green bag; outing; party; pastel; pastel bag; pink; pink purse; pu leather; school; shoulder bag; sling bag; small crossbody bag; solid; vegan leather
HJ-BK200020,labeled,kids,P,Mini Airplane Travel Shoulder Bag (Pink PU),shoulder bag,pink,PU leather (vegan leather),18*4.5*13.5,small,1000,airplane bag; bag; camera bag; cartoon; cartoon bag; casual; childrens bag; cute; cute purse; embroidered; everyday; everyday bag; faux leather; girls purse; kids bag; mini bag; novelty; novelty bag; pink; pink bag; playful; pu leather; red; school; shoulder bag; small shoulder bag; teal; top handle bag; travel; travel bag; vacation; vegan leather; white
HJ-BK200021,labeled,kids,P,Large Skull Graphic Drawstring Backpack (Grey),drawstring bag,grey,100% polyester,28*13*42,large,1000,backpack; bag; black; blue; boys bag; cartoon; cartoon backpack; casual; childrens bag; cinch bag; drawstring bag; edgy; everyday; graphic bag; graphic-print; grey; grey bag; gym sack; kids backpack; kids bag; large backpack; large drawstring bag; playful; polyester; polyester bag; red; school; school bag; skull bag; sports; sports bag; sporty; travel; white; yellow
HJ-BK200022,labeled,kids,P,Mini Floral Crossbody Camera Bag (Pink),crossbody bag,pink,100% polyester,18*4*13,small,1000,bag; blue; boxy; camera bag; chain bag; chain-strap; childrens bag; crossbody bag; cute; cute purse; elegant; everyday; everyday bag; feminine; floral; floral bag; flower print bag; girls bag; green; kids bag; kids crossbody; mini bag; outing; party; pink; pink purse; polyester; polyester bag; purple; shoulder bag; sling bag; small crossbody bag; spring; white
HJ-BK200023,labeled,kids,P,Floral Print Chain Crossbody Camera Bag,crossbody bag,pink,PU leather (vegan leather),18*4.5*12.5,small,1000,bag; blue; camera bag; chain bag; chain-strap; childrens bag; crossbody bag; cute; cute bag; elegant; everyday; faux leather; floral; floral bag; flower print bag; gift; girls bag; gold; green; kids bag; mini crossbody; outing; party; pink; pink bag; pu leather; school; shoulder bag; sling bag; small crossbody bag; sweet; sweet bag; vegan leather; vintage; vintage floral bag
HJ-BK200024,labeled,kids,P,Floral Embroidered Mini Crossbody Bag,crossbody bag,light blue,PU leather (vegan leather),18*4.5*12.5,small,1000,bag; boxy; chain strap purse; chain-strap; childrens bag; crossbody bag; cute; cute mini bag; denim blue; embroidered; everyday; faux leather; floral; floral embroidered bag; flower bag; girls crossbody bag; girls purse; girly; gold; green; kids bag; kids purse; light blue; light blue bag; mini crossbody bag; outing; party; party bag; pink; pu leather; pu leather bag; purple; school; shoulder bag; sling bag; small crossbody bag; small handbag; vegan leather
HJ-BK200025,labeled,kids,P,Floral Print Kids Backpack,backpack,mint green,PU leather (vegan leather),25*11*36,large,1000,backpack; bag; book bag; casual; children backpack; childrens bag; cute; cute backpack; daypack; everyday; faux leather; floral; floral backpack; flower print backpack; girls backpack; girls school bag; girly; green; kids backpack; kids bag; large backpack; light blue; mint green; mint green backpack; outing; pink; printed; pu leather; pu leather backpack; rucksack; school; school bag; travel; travel backpack; vegan leather; white
HJ-BK200026,labeled,kids,P,Graffiti Print Kids Backpack,backpack,blue,100% polyester,25*10*35,large,1000,backpack; bag; black; blue; blue backpack; book bag; boys backpack; boys school bag; brown; cartoon; casual; children backpack; childrens bag; colorblock; cool; cool backpack; daypack; everyday; graffiti; graffiti backpack; gray; kids backpack; kids bag; large backpack; polyester; polyester backpack; rucksack; school; school bag; sports; street; street style backpack; travel; travel backpack; white
HJ-BK200027,labeled,kids,P,Striped Fruit Embroidered Mini Cosmetic Pouch,cosmetic pouch,blue,100% cotton,14.5*6*12,mini,1000,bag; beach; blue; blue and white pouch; casual; childrens bag; cosmetic pouch; cotton; cotton pouch; cute; cute pouch; embroidered; everyday; fruit embroidered bag; girls pouch; green; kids bag; kids pouch; makeup bag; mini cosmetic pouch; nautical; pencil case; plaid; red; school; small bag; striped; striped pouch; toiletry bag; travel; travel pouch; white; yellow; zip pouch
HJ-BK200028,labeled,kids,P,Mini Sequin Dome Crossbody Bag,crossbody bag,silver,PU leather (vegan leather),20*5*12,small,1000,bag; birthday; black; chain-strap; childrens bag; crossbody bag; cute; cute bag; dress-up; everyday; faux leather; girls purse; glitter; glittery; gray; kids bag; kids handbag; mermaid sequin; mini bag; party; party bag; performance; pu leather; sequin bag; sequined; shoulder bag; silver; sling bag; small crossbody bag; sparkly; sparkly bag; top handle bag; vegan leather
HJ-BK200029,labeled,kids,P,Kids Pineapple Aloha Drawstring Backpack,drawstring bag,pink,100% polyester,24*10*32,medium,1000,aloha; bag; cartoon; casual; childrens bag; cinch bag; colorful; cute; cute backpack; drawstring backpack; drawstring bag; everyday; girls backpack; green; gym; gym sack; kids backpack; kids bag; medium drawstring bag; pineapple; pink; pink bag; polyester; sackpack; school; school bag; sequin bag; sequined; sports; sports bag; sporty; teal; travel; yellow
HJ-BK200030,labeled,kids,P,Mini Bow Flap Crossbody Bag,crossbody bag,gray,PU leather (vegan leather),16*5*15,mini,1000,bag; bow bag; bow-accent; childrens bag; crossbody bag; cute; cute bag; dress-up; elegant; everyday; faux leather; flap bag; girls purse; gray; gray bag; kids bag; kids handbag; mini bag; mini crossbody bag; minimalist; outing; party; pink; pink bow; pu bag; pu leather; rope strap bag; shoulder bag; sling bag; small purse; solid; sweet; vegan leather
HJ-BK200031,labeled,kids,P,Kids Football 2018 Drawstring Backpack,drawstring bag,navy,100% polyester,34*44,large,1000,bag; boys backpack; casual; childrens bag; cinch bag; drawstring backpack; drawstring bag; drawstring sack; everyday; football bag; graphic-print; gym; gym sack; kids backpack; kids bag; large drawstring bag; navy; navy blue; polyester; red; sackpack; school; school bag; soccer bag; solid; sports; sports bag; sporty; team bag; team-spirit; travel; white
HJ-BK200032,labeled,kids,P,Kids Floral Mini Crossbody Bag with Buckle Flap,crossbody bag,red,PU leather (vegan leather),14*5*11,mini,1000,bag; blue; buckle flap bag; buckle-detail; casual; childrens bag; colorful; colorful bag; crossbody bag; cute; cute kids purse; everyday; everyday bag; faux leather; flap; floral; floral bag; girls sling bag; green; kids bag; kids crossbody bag; little girl handbag; mini crossbody; mini crossbody bag; outing; party; pink; pu leather; pu leather bag; red; red flower purse; school; school bag; shoulder bag; silver; vegan leather; white
HJ-BK200033,labeled,kids,P,Kids Mermaid Sequin Belt Bag with Pom-Pom,belt bag,purple,PU leather (vegan leather),30*6*12,medium,1000,bag; belt bag; black; blue; bum bag; childrens bag; cute; cute kids bag; everyday; faux leather; festival; festival bag; girls waist bag; glitter; hip bag; kids bag; kids belt bag; medium belt bag; mermaid sequin bag; party; party bag; pink; playful; pom pom bag; pom-pom; pu leather; purple; purple bag; reversible sequin; reversible-sequin; school; sequin; sequin fanny pack; sparkly; sparkly fanny pack; travel; vegan leather
HJ-BK200034,labeled,kids,P,Kids Large Sporty Drawstring Backpack,backpack,black,100% polyester,26*19*42,large,1000,backpack; bag; black; black backpack; blue; boys backpack; casual; casual daypack; childrens bag; colorblock; drawstring; drawstring backpack; everyday; graphic backpack; graphic-print; gray; gym; gym bag; kids backpack; kids bag; large backpack; polyester; polyester backpack; school; school bag; sports; sports backpack; sporty; streetwear; streetwear bag; travel; travel backpack; white
HJ-BK200035,labeled,kids,P,Kids Studded Mini Saddle Crossbody Bag with Chain Strap,crossbody bag,beige,PU leather (vegan leather),15*7*13,mini,1000,bag; beige; beige handbag; chain strap bag; chain-strap; chic; childrens bag; crossbody bag; elegant; elegant kids bag; everyday; faux leather; girls purse; gold; kids bag; kids crossbody bag; little girl handbag; mini crossbody bag; mini saddle bag; minimalist; outing; party; party bag; pu leather; pu leather bag; saddle; shoulder bag; sling bag; solid; special occasion; studded; studded bag; taupe; top handle bag; twist lock purse; vegan leather
HJ-BK200036,labeled,kids,P,Kids' Black Cat Slim Pencil Pouch,cosmetic pouch,black,PU leather (vegan leather),20*3*6,small,1000,animal; bag; black; black cat; cartoon; cartoon cat; casual; cat pencil bag; childrens bag; cosmetic pouch; cute; cute pouch; everyday; faux leather; girls pouch; kawaii; kids bag; kids stationery bag; makeup bag; novelty; pencil case; pencil pouch; pu leather; pu leather pouch; school; school supplies; small cosmetic pouch; stationery storage; travel; vegan leather; white; zipper pouch
HJ-BK200037,labeled,kids,P,Kids' Navy Tiger Print School Backpack,backpack,navy blue,100% polyester,26*13*38,large,1000,animal-print; backpack; bag; black; book bag; boys backpack; casual; children backpack; childrens bag; cool; cool backpack; everyday; flap backpack; gold; graphic; graphic backpack; kids backpack; kids bag; large backpack; navy blue; navy blue backpack; polyester; polyester backpack; rucksack; school; school backpack; school bag; sports; sporty; student bag; tiger backpack; travel; white
HJ-BK200038,labeled,kids,P,Kids' Black Skeleton Skater School Backpack,backpack,black,100% polyester,26*13*37,large,1000,backpack; bag; black; black backpack; book bag; boys backpack; cartoon; childrens bag; cool; cool backpack; edgy; everyday; graphic; graphic backpack; gray; halloween backpack; kids backpack; kids bag; large backpack; polyester; polyester backpack; rucksack; school; school backpack; school bag; skateboarding; skater; skater backpack; skeleton backpack; sporty; student bag; travel; white; yellow
HJ-BK200039,labeled,kids,P,Girls' Rose Gold Metallic Cat Mini Backpack,backpack,rose gold,PU leather (vegan leather),27*12*36,large,1000,backpack; bag; black; cat backpack; childrens bag; cute; cute backpack; everyday; fashion backpack; faux leather; girls backpack; glam; kawaii; kawaii backpack; kids backpack; kids bag; kitty backpack; large backpack; metallic; metallic backpack; mini backpack; party; pu leather; pu leather backpack; quilted; quilted backpack; rose gold; rose gold backpack; school; school bag; small backpack; solid; travel; trendy; vegan leather
HJ-BK200040,labeled,kids,P,Kids' Sticker-Patch School Backpack (Navy & Pink),backpack,pink,100% polyester,26*13*38,large,1000,back to school; backpack; bag; bookbag; boys backpack; cartoon; cartoon backpack; casual; children backpack; childrens bag; colorful; cute; cute backpack; everyday; flap backpack; girls backpack; gray; kids backpack; kids bag; large backpack; multicolor; navy backpack; navy blue; patch-print; pink; pink backpack; polyester; polyester backpack; school; school backpack; sticker patch backpack; student bag; travel
HJ-BK200041,labeled,kids,P,Quilted Velvet Bear-Ear Mini Backpack (Navy),backpack,navy blue,100% polyester,24*10*32,medium,1000,backpack; bag; bear ears backpack; casual; chic; children backpack; childrens bag; cute; cute backpack; everyday; everyday backpack; fashion backpack; girls backpack; kawaii; kawaii bag; kids backpack; kids bag; medium backpack; mini backpack; navy backpack; navy blue; party; polyester; pom pom backpack; quilted; quilted backpack; school; school backpack; small backpack; solid; velvet; velvet backpack
HJ-BK200042,needs_photo,kids,P,Kids's Bag HJ-BK200042,,,PU leather (vegan leather),,,1000,bag; childrens bag; faux leather; kids bag; pu leather; vegan leather
HJ-BK200043,needs_photo,kids,P,Kids's Bag HJ-BK200043,,,PU leather (vegan leather),,,1000,bag; childrens bag; faux leather; kids bag; pu leather; vegan leather
HJ-BK220001,placeholder,kids,Z,,,,PU leather (vegan leather),15*5*12.5,mini,1000,
HJ-BK220002,placeholder,kids,Z,,,,,15*5*12.6,mini,1001,
HJ-BK220003,placeholder,kids,Z,,,,,15*5*12.7,mini,1002,
HJ-BK220004,placeholder,kids,Z,,,,,15*5*12.8,mini,1003,
HJ-BK220005,placeholder,kids,Z,,,,,15*5*12.9,mini,1004,
HJ-BK220006,placeholder,kids,Z,,,,,15*5*12.10,mini,1005,
HJ-BK220007,placeholder,kids,Z,,,,,15*5*12.11,mini,1006,
HJ-BK220008,placeholder,kids,Z,,,,,15*5*12.12,mini,1007,
HJ-BK220009,placeholder,kids,Z,,,,,15*5*12.13,mini,1008,
HJ-BK220010,placeholder,kids,Z,,,,,15*5*12.14,mini,1009,
HJ-BK220011,placeholder,kids,Z,,,,,15*5*12.15,mini,1010,
HJ-BK220012,placeholder,kids,Z,,,,,15*5*12.16,mini,1011,
HJ-BK220013,placeholder,kids,Z,,,,,15*5*12.17,mini,1012,
HJ-BK220014,placeholder,kids,Z,,,,,15*5*12.18,mini,1013,
HJ-BK220015,placeholder,kids,Z,,,,,15*5*12.19,mini,1014,
HJ-BK220016,placeholder,kids,Z,,,,,15*5*12.20,mini,1015,
HJ-BM300001,placeholder,men,P,,,,PU leather (vegan leather),15*5*12.5,mini,1000,
HJ-BM300002,placeholder,men,P,,,,,15*5*12.6,mini,1001,
HJ-BM300003,placeholder,men,P,,,,,15*5*12.7,mini,1002,
HJ-BM300004,placeholder,men,P,,,,,15*5*12.8,mini,1003,
HJ-BM300005,placeholder,men,P,,,,,15*5*12.9,mini,1004,
HJ-BM300006,placeholder,men,P,,,,,15*5*12.10,mini,1005,
HJ-BM300007,placeholder,men,P,,,,,15*5*12.11,mini,1006,
HJ-BM300008,placeholder,men,P,,,,,15*5*12.12,mini,1007,
HJ-BM300009,placeholder,men,P,,,,,15*5*12.13,mini,1008,
HJ-BM300010,placeholder,men,P,,,,,15*5*12.14,mini,1009,
HJ-BM300011,placeholder,men,P,,,,,15*5*12.15,mini,1010,
HJ-BM300012,placeholder,men,P,,,,,15*5*12.16,mini,1011,
HJ-BM300013,placeholder,men,P,,,,,15*5*12.17,mini,1012,
HJ-BM300014,placeholder,men,P,,,,,15*5*12.18,mini,1013,
HJ-BM300015,placeholder,men,P,,,,,15*5*12.19,mini,1014,
HJ-BM330001,placeholder,men,Z,,,,PU leather (vegan leather),15*5*12.5,mini,1000,
HJ-BM330002,placeholder,men,Z,,,,,15*5*12.6,mini,1001,
HJ-BM330003,placeholder,men,Z,,,,,15*5*12.7,mini,1002,
HJ-BM330004,placeholder,men,Z,,,,,15*5*12.8,mini,1003,
HJ-BM330005,placeholder,men,Z,,,,,15*5*12.9,mini,1004,
HJ-BM330006,placeholder,men,Z,,,,,15*5*12.10,mini,1005,
HJ-BM330007,placeholder,men,Z,,,,,15*5*12.11,mini,1006,
HJ-BM330008,placeholder,men,Z,,,,,15*5*12.12,mini,1007,
HJ-BM330009,placeholder,men,Z,,,,,15*5*12.13,mini,1008,
HJ-BM330010,placeholder,men,Z,,,,,15*5*12.14,mini,1009,
HJ-BM330011,placeholder,men,Z,,,,,15*5*12.15,mini,1010,
HJ-BM330012,placeholder,men,Z,,,,,15*5*12.16,mini,1011,
HJ-BM330013,placeholder,men,Z,,,,,15*5*12.17,mini,1012,
HJ-BM330014,placeholder,men,Z,,,,,15*5*12.18,mini,1013,
HJ-BM330015,placeholder,men,Z,,,,,15*5*12.19,mini,1014,